{
  "stats": {
    "submitted": 10,
    "finished": 10,
    "running": 0
  },
  "data": [
    [
      1,
      null,
      209652396,
      1.2345679012345678,
      0.6955756038427353,
      1.6283831596374512,
      1,
      1714023947.087695,
      1714023948.7168038,
      {}
    ],
    [
      2,
      null,
      209652396,
      1.2345679012345678,
      0.6863449849580464,
      1.4690492153167725,
      1,
      1714023948.7234144,
      1714023950.1931746,
      {}
    ],
    [
      3,
      null,
      209652396,
      1.2345679012345678,
      0.4115390397470022,
      20.496264457702637,
      1,
      1714023950.197727,
      1714023970.6946726,
      {}
    ],
    [
      4,
      null,
      209652396,
      1.2345679012345678,
      0.6935222448696973,
      3.2423033714294434,
      1,
      1714023970.699239,
      1714023973.94223,
      {}
    ],
    [
      5,
      null,
      209652396,
      1.2345679012345678,
      0.6952182614442075,
      1.4846203327178955,
      1,
      1714023973.9465806,
      1714023975.4318762,
      {}
    ],
    [
      6,
      null,
      209652396,
      1.2345679012345678,
      0.6776819080114365,
      0.8287885189056396,
      1,
      1714023975.4361043,
      1714023976.265604,
      {}
    ],
    [
      7,
      null,
      209652396,
      1.2345679012345678,
      0.6681695696619367,
      4.431855201721191,
      1,
      1714023976.2700949,
      1714023980.7026412,
      {}
    ],
    [
      8,
      null,
      209652396,
      1.2345679012345678,
      0.41096722951122355,
      1.5090868473052979,
      1,
      1714023980.7070518,
      1714023982.2168133,
      {}
    ],
    [
      9,
      null,
      209652396,
      1.2345679012345678,
      0.4225372486389601,
      1.0190370082855225,
      1,
      1714023982.2215164,
      1714023983.2412329,
      {}
    ],
    [
      10,
      null,
      209652396,
      1.2345679012345678,
      0.6887322545051575,
      1.3455545902252197,
      1,
      1714023983.2456012,
      1714023984.5918236,
      {}
    ]
  ],
  "configs": {
    "1": {
      "model.dropout": 0.2744067519636624,
      "model.hidden_size": 624,
      "model.non_linearity": "tanh",
      "model.num_hidden_layers": 4,
      "model.type": "recurrent",
      "optimizer.betas.1": 0.9538323699471929,
      "optimizer.betas.2": 0.9956115529670432,
      "optimizer.learning_rate": 3.142334455004115e-08,
      "optimizer.learning_rate_schedule": "constant",
      "optimizer.weight_decay": 0.18000455964558035,
      "training.batch_size": 251,
      "training.num_epochs": 47
    },
    "2": {
      "model.dropout": 0.35759468318620974,
      "model.hidden_size": 565,
      "model.non_linearity": "tanh",
      "model.num_hidden_layers": 8,
      "model.type": "feedforward",
      "optimizer.betas.1": 0.8997366044695259,
      "optimizer.betas.2": 0.9991600099234406,
      "optimizer.learning_rate": 4.0729126673614506e-08,
      "optimizer.learning_rate_schedule": "one_cycle",
      "optimizer.weight_decay": 0.2747858093205808,
      "training.batch_size": 206,
      "training.num_epochs": 79
    },
    "3": {
      "model.dropout": 0.05913721293446661,
      "model.hidden_size": 661,
      "model.non_linearity": "relu",
      "model.num_hidden_layers": 8,
      "model.type": "recurrent",
      "optimizer.betas.1": 0.8771920873401362,
      "optimizer.betas.2": 0.9926095248812467,
      "optimizer.learning_rate": 0.002628063327422683,
      "optimizer.learning_rate_schedule": "cosine_warm_restarts",
      "optimizer.weight_decay": 0.06852324196424509,
      "training.batch_size": 8,
      "training.num_epochs": 62
    },
    "4": {
      "model.dropout": 0.3060478613612107,
      "model.hidden_size": 638,
      "model.non_linearity": "gelu",
      "model.num_hidden_layers": 6,
      "model.type": "feedforward",
      "optimizer.betas.1": 0.8815620046189823,
      "optimizer.betas.2": 0.9968961522854003,
      "optimizer.learning_rate": 2.6398442318877336e-08,
      "optimizer.learning_rate_schedule": "one_cycle",
      "optimizer.weight_decay": 0.10970988089502877,
      "training.batch_size": 57,
      "training.num_epochs": 13
    },
    "5": {
      "model.dropout": 0.15771417546209193,
      "model.hidden_size": 382,
      "model.non_linearity": "tanh",
      "model.num_hidden_layers": 4,
      "model.type": "recurrent",
      "optimizer.betas.1": 0.8183419436395113,
      "optimizer.betas.2": 0.9920597486443201,
      "optimizer.learning_rate": 1.3463768176041062e-07,
      "optimizer.learning_rate_schedule": "cosine_warm_restarts",
      "optimizer.weight_decay": 0.01605288924775198,
      "training.batch_size": 121,
      "training.num_epochs": 25
    },
    "6": {
      "model.dropout": 0.07948479182275986,
      "model.hidden_size": 127,
      "model.non_linearity": "tanh",
      "model.num_hidden_layers": 2,
      "model.type": "feedforward",
      "optimizer.betas.1": 0.8682862679313283,
      "optimizer.betas.2": 0.9981205867247676,
      "optimizer.learning_rate": 4.783094160808158e-08,
      "optimizer.learning_rate_schedule": "one_cycle",
      "optimizer.weight_decay": 0.0077833546592406,
      "training.batch_size": 251,
      "training.num_epochs": 47
    },
    "7": {
      "model.dropout": 0.48838054409516857,
      "model.hidden_size": 626,
      "model.non_linearity": "gelu",
      "model.num_hidden_layers": 1,
      "model.type": "feedforward",
      "optimizer.betas.1": 0.8216483935656382,
      "optimizer.betas.2": 0.9929215283243064,
      "optimizer.learning_rate": 6.777882452468055e-08,
      "optimizer.learning_rate_schedule": "constant",
      "optimizer.weight_decay": 0.0336896107652629,
      "training.batch_size": 20,
      "training.num_epochs": 70
    },
    "8": {
      "model.dropout": 0.2833007271032876,
      "model.hidden_size": 283,
      "model.non_linearity": "tanh",
      "model.num_hidden_layers": 1,
      "model.type": "recurrent",
      "optimizer.betas.1": 0.9834319268788977,
      "optimizer.betas.2": 0.9931431468577256,
      "optimizer.learning_rate": 0.00046975635031855275,
      "optimizer.learning_rate_schedule": "constant",
      "optimizer.weight_decay": 0.13540179213578835,
      "training.batch_size": 77,
      "training.num_epochs": 19
    },
    "9": {
      "model.dropout": 0.2932564674050416,
      "model.hidden_size": 36,
      "model.non_linearity": "gelu",
      "model.num_hidden_layers": 1,
      "model.type": "recurrent",
      "optimizer.betas.1": 0.8494525835160673,
      "optimizer.betas.2": 0.9972688243728882,
      "optimizer.learning_rate": 0.05436505300804022,
      "optimizer.learning_rate_schedule": "constant",
      "optimizer.weight_decay": 0.07100430374517754,
      "training.batch_size": 153,
      "training.num_epochs": 58
    },
    "10": {
      "model.dropout": 0.11154081632030916,
      "model.hidden_size": 977,
      "model.non_linearity": "tanh",
      "model.num_hidden_layers": 7,
      "model.type": "recurrent",
      "optimizer.betas.1": 0.8546442319891646,
      "optimizer.betas.2": 0.9980491271311727,
      "optimizer.learning_rate": 5.964035034041659e-06,
      "optimizer.learning_rate_schedule": "one_cycle",
      "optimizer.weight_decay": 0.07269687621215774,
      "training.batch_size": 227,
      "training.num_epochs": 70
    }
  },
  "config_origins": {
    "1": "Initial Design: Random",
    "2": "Initial Design: Random",
    "3": "Custom",
    "4": "Custom",
    "5": "Custom",
    "6": "Custom",
    "7": "Custom",
    "8": "Custom",
    "9": "Custom",
    "10": "Custom"
  }
}